Method,Access Modifier,Distance,Reason,Summary,Impact,Severity
"<org.apache.myfaces.shared.util.StateUtils: byte[] findMacSecret(java.lang.String,java.lang.String)>",PRIVATE,1,"ACTUAL REASON",-,-,-
"<org.apache.myfaces.shared.util.StateUtils: byte[] findMacSecret(javax.faces.context.ExternalContext,java.lang.String)>",PRIVATE,2,"<org.apache.myfaces.shared.util.StateUtils: byte[] findMacSecret(java.lang.String,java.lang.String)>",-,-,-
"<org.apache.myfaces.shared.util.StateUtils: byte[] findMacSecret(javax.servlet.ServletContext,java.lang.String)>",PRIVATE,2,"<org.apache.myfaces.shared.util.StateUtils: byte[] findMacSecret(java.lang.String,java.lang.String)>",-,-,-
"<org.apache.myfaces.shared.util.StateUtils: javax.crypto.SecretKey getMacSecret(javax.faces.context.ExternalContext)>",PRIVATE,3,"<org.apache.myfaces.shared.util.StateUtils: byte[] findMacSecret(javax.faces.context.ExternalContext,java.lang.String)>",-,-,-
"<org.apache.myfaces.shared.util.StateUtils: void initSecret(javax.servlet.ServletContext)>",PUBLIC,3,"<org.apache.myfaces.shared.util.StateUtils: byte[] findMacSecret(javax.servlet.ServletContext,java.lang.String)>",-,-,-
"<org.apache.myfaces.shared.util.StateUtils: byte[] encrypt(byte[],javax.faces.context.ExternalContext)>",PUBLIC,4,"<org.apache.myfaces.shared.util.StateUtils: javax.crypto.SecretKey getMacSecret(javax.faces.context.ExternalContext)>",-,-,-
"<org.apache.myfaces.shared.util.StateUtils: byte[] decrypt(byte[],javax.faces.context.ExternalContext)>",PUBLIC,4,"<org.apache.myfaces.shared.util.StateUtils: javax.crypto.SecretKey getMacSecret(javax.faces.context.ExternalContext)>",-,-,-
"<org.apache.myfaces.shared.util.StateUtils: java.lang.String construct(java.lang.Object,javax.faces.context.ExternalContext)>",PUBLIC,5,"<org.apache.myfaces.shared.util.StateUtils: byte[] encrypt(byte[],javax.faces.context.ExternalContext)>",-,-,-
"<org.apache.myfaces.shared.util.StateUtils: java.lang.Object reconstruct(java.lang.String,javax.faces.context.ExternalContext)>",PUBLIC,5,"<org.apache.myfaces.shared.util.StateUtils: byte[] decrypt(byte[],javax.faces.context.ExternalContext)>",-,-,-

"<org.apache.myfaces.shared.util.StateUtils: byte[] findSecret(java.lang.String,java.lang.String)>",PRIVATE,1,"ACTUAL REASON",-,-,-
"<org.apache.myfaces.shared.util.StateUtils: byte[] findSecret(javax.faces.context.ExternalContext,java.lang.String)>",PRIVATE,2,"<org.apache.myfaces.shared.util.StateUtils: byte[] findSecret(java.lang.String,java.lang.String)>",-,-,-
"<org.apache.myfaces.shared.util.StateUtils: byte[] findSecret(javax.servlet.ServletContext,java.lang.String)>",PRIVATE,2,"<org.apache.myfaces.shared.util.StateUtils: byte[] findSecret(java.lang.String,java.lang.String)>",-,-,-
"<org.apache.myfaces.shared.util.StateUtils: javax.crypto.SecretKey getSecret(javax.faces.context.ExternalContext)>",PRIVATE,3,"<org.apache.myfaces.shared.util.StateUtils: byte[] findSecret(javax.faces.context.ExternalContext,java.lang.String)>",-,-,-
"<org.apache.myfaces.shared.util.StateUtils: void initSecret(javax.servlet.ServletContext)>",PUBLIC,3,"<org.apache.myfaces.shared.util.StateUtils: byte[] findSecret(javax.servlet.ServletContext,java.lang.String)>",-,-,-
"<org.apache.myfaces.shared.util.StateUtils: byte[] encrypt(byte[],javax.faces.context.ExternalContext)>",PUBLIC,4,"<org.apache.myfaces.shared.util.StateUtils: javax.crypto.SecretKey getSecret(javax.faces.context.ExternalContext)>",-,-,-
"<org.apache.myfaces.shared.util.StateUtils: byte[] decrypt(byte[],javax.faces.context.ExternalContext)>",PUBLIC,4,"<org.apache.myfaces.shared.util.StateUtils: javax.crypto.SecretKey getSecret(javax.faces.context.ExternalContext)>",-,-,-
"<org.apache.myfaces.shared.util.StateUtils: java.lang.String construct(java.lang.Object,javax.faces.context.ExternalContext)>",PUBLIC,5,"<org.apache.myfaces.shared.util.StateUtils: byte[] encrypt(byte[],javax.faces.context.ExternalContext)>",-,-,-
"<org.apache.myfaces.shared.util.StateUtils: java.lang.Object reconstruct(java.lang.String,javax.faces.context.ExternalContext)>",PUBLIC,5,"<org.apache.myfaces.shared.util.StateUtils: byte[] decrypt(byte[],javax.faces.context.ExternalContext)>",-,-,-


"<org.apache.myfaces.shared.util.StateUtils: byte[] findInitializationVector(javax.faces.context.ExternalContext)>",PRIVATE,1,"ACTUAL REASON",-,-,-
"<org.apache.myfaces.shared.util.StateUtils: byte[] encrypt(byte[],javax.faces.context.ExternalContext)>",PUBLIC,2,"<org.apache.myfaces.shared.util.StateUtils: byte[] findInitializationVector(javax.faces.context.ExternalContext)>",-,-,-
"<org.apache.myfaces.shared.util.StateUtils: byte[] decrypt(byte[],javax.faces.context.ExternalContext)>",PUBLIC,2,"<org.apache.myfaces.shared.util.StateUtils: byte[] findInitializationVector(javax.faces.context.ExternalContext)>",-,-,-
"<org.apache.myfaces.shared.util.StateUtils: java.lang.String construct(java.lang.Object,javax.faces.context.ExternalContext)>",PUBLIC,3,"<org.apache.myfaces.shared.util.StateUtils: byte[] encrypt(byte[],javax.faces.context.ExternalContext)>",-,-,-
"<org.apache.myfaces.shared.util.StateUtils: java.lang.Object reconstruct(java.lang.String,javax.faces.context.ExternalContext)>",PUBLIC,3,"<org.apache.myfaces.shared.util.StateUtils: byte[] decrypt(byte[],javax.faces.context.ExternalContext)>",-,-,-

